{"cameraMode":{"drawMode":0,"name":"Shaded","section":"Shading Mode"},"sceneLighting":true,"audioPlay":false,"sceneViewState":{"showFog":true,"showMaterialUpdate":false,"showSkybox":true,"showFlares":true,"showImageEffects":true,"showParticleSystems":true},"in2DMode":false,"pivot":{"x":-3.0903334617614748,"y":11.114691734313965,"z":-7.683435440063477},"rotation":{"x":0.1179659366607666,"y":0.37021148204803469,"z":-0.0474594347178936,"w":0.920204222202301},"size":0.8693510890007019,"orthographic":false}