{"cameraMode":{"drawMode":0,"name":"Shaded","section":"Shading Mode"},"sceneLighting":true,"audioPlay":false,"sceneViewState":{"showFog":true,"showMaterialUpdate":false,"showSkybox":true,"showFlares":true,"showImageEffects":true,"showParticleSystems":true},"in2DMode":false,"pivot":{"x":4.960687637329102,"y":0.6919435262680054,"z":-0.21479615569114686},"rotation":{"x":-0.0001621521369088441,"y":-0.9981979131698608,"z":0.05996383726596832,"w":-0.002698836848139763},"size":6.237332344055176,"orthographic":false}