{"cameraMode":{"drawMode":0,"name":"Shaded","section":"Shading Mode"},"sceneLighting":false,"audioPlay":false,"sceneViewState":{"showFog":true,"showMaterialUpdate":false,"showSkybox":false,"showFlares":true,"showImageEffects":true,"showParticleSystems":true},"in2DMode":false,"pivot":{"x":-4.150000095367432,"y":3.2100000381469728,"z":-0.050000011920928958},"rotation":{"x":-0.021093834191560746,"y":-0.14139702916145326,"z":0.003017466515302658,"w":-0.9897329211235046},"size":1.0392340421676636,"orthographic":false}