{"cameraMode":{"drawMode":0,"name":"Shaded","section":"Shading Mode"},"sceneLighting":true,"audioPlay":false,"sceneViewState":{"showFog":true,"showMaterialUpdate":false,"showSkybox":true,"showFlares":true,"showImageEffects":true,"showParticleSystems":true},"in2DMode":false,"pivot":{"x":-0.6315823793411255,"y":7.95997428894043,"z":2.266221523284912},"rotation":{"x":0.12264944612979889,"y":0.2616978585720062,"z":-0.03354822099208832,"w":0.9567395448684692},"size":9.965119361877442,"orthographic":false}