{"cameraMode":{"drawMode":0,"name":"Shaded","section":"Shading Mode"},"sceneLighting":true,"audioPlay":false,"sceneViewState":{"showFog":true,"showMaterialUpdate":false,"showSkybox":true,"showFlares":true,"showImageEffects":true,"showParticleSystems":true},"in2DMode":false,"pivot":{"x":0.42482790350914,"y":0.2293109893798828,"z":0.587807297706604},"rotation":{"x":0.0012691764859482647,"y":0.7096472382545471,"z":-0.7045706510543823,"w":0.0012780689867213369},"size":9.239737510681153,"orthographic":false}